user_id,item_id,rating,user_idx,item_idx
user_1,1720,2.2527822215577684,0,1720
user_1,2025,9.084354645634354,0,2025
user_1,1430,8.463991646271554,0,1430
user_1,2320,3.8577830308906336,0,2320
user_1,2141,9.57517774841165,0,2141
user_1,1672,8.426806906740113,0,1672
user_1,422,6.996761972515357,0,422
user_1,1334,2.0958572001274733,0,1334
user_1,834,5.304106207432651,0,834
user_1,420,5.554967993620758,0,420
user_1,1563,3.092962225288421,0,1563
user_1,2034,1.7196885492337175,0,2034
user_1,1061,7.990512674245235,0,1061
user_1,251,2.098315469119555,0,251
user_1,650,6.348616755055972,0,650
user_1,1915,9.428042564952944,0,1915
user_1,1379,8.884946733382382,0,1379
user_1,1413,3.49977361374335,0,1413
user_1,56,8.663037737961389,0,56
user_1,727,1.0029925550844045,0,727
user_1,1447,1.159190286519315,0,1447
user_1,916,6.4229784745857845,0,916
user_1,785,4.283183972300765,0,785
user_1,643,4.478147570432324,0,643
user_1,1196,6.0799698161099425,0,1196
user_1,218,2.726042100326745,0,218
user_1,1623,2.905798155989305,0,1623
user_1,836,5.361414283169783,0,836
user_1,677,7.788281899094767,0,677
user_1,1755,6.575479762668289,0,1755
user_1,1551,3.67619543413155,0,1551
user_1,1269,4.873034597580291,0,1269
user_1,2112,2.5359828269499856,0,2112
user_1,530,1.6716683290337353,0,530
user_1,1132,8.044264366697343,0,1132
user_1,906,3.388486682693751,0,906
user_1,581,2.5998974906612338,0,581
user_1,642,7.224562500123874,0,642
user_1,1362,6.5624650685846735,0,1362
user_1,1198,6.6987066341211765,0,1198
user_1,486,3.0600514436195225,0,486
user_1,1691,3.093809847064129,0,1691
user_1,1317,2.9872236680707522,0,1317
user_1,636,2.5637733609606506,0,636
user_1,1653,6.901513053054907,0,1653
user_1,528,8.632142967244611,0,528
user_1,211,7.518857227089951,0,211
user_1,1054,8.128842703844889,0,1054
user_2,1908,8.772772791669544,1,1908
user_2,225,1.990569557810037,1,225
user_2,805,9.32542457808713,1,805
user_2,2055,6.684791635746024,1,2055
user_2,2209,1.4895167367008006,1,2209
user_2,1690,6.798310512857304,1,1690
user_2,41,9.768228887302804,1,41
user_2,497,1.6282058915316604,1,497
user_2,2031,5.992189388020777,1,2031
user_2,868,7.730149147834352,1,868
user_2,2253,8.292327280295781,1,2253
user_2,148,4.724447187887162,1,148
user_2,1639,2.837499032514187,1,1639
user_2,1494,1.3810805089514546,1,1494
user_2,1217,6.217535413875023,1,1217
user_2,1034,5.076199632408497,1,1034
user_2,292,9.5386995563474,1,292
user_2,915,1.545444169434188,1,915
user_2,718,7.168558091014051,1,718
user_2,1118,1.2246959990805144,1,1118
user_2,2328,2.5429075903948846,1,2328
user_2,1295,5.082210999305508,1,1295
user_2,1728,5.093851985225814,1,1728
user_2,585,7.171304886402795,1,585
user_2,2261,9.19191731380981,1,2261
user_2,2318,6.751289430234287,1,2318
user_2,2193,9.58181588066358,1,2193
user_2,1484,8.934540758901978,1,1484
user_2,33,6.2604981597771125,1,33
user_2,577,8.504127558269445,1,577
user_2,968,6.783198492912707,1,968
user_2,2297,1.7070204783135443,1,2297
user_2,486,7.66508250933559,1,486
user_2,955,1.854175971406116,1,955
user_2,537,6.346745025127412,1,537
user_2,1516,7.3237618527240596,1,1516
user_2,291,1.5987484738976971,1,291
user_2,1315,3.077151885338786,1,1315
user_2,1853,9.241050090354848,1,1853
user_2,1316,6.546830430096067,1,1316
user_2,1849,3.216574169294784,1,1849
user_2,1792,7.21611794033206,1,1792
user_2,1635,6.370987779655207,1,1635
user_2,1532,5.514181299261535,1,1532
user_3,2241,2.682382864973022,2,2241
user_3,2209,5.007466222882341,2,2209
user_3,763,5.393057890903615,2,763
user_3,468,8.317565174927081,2,468
user_3,141,1.893066364851821,2,141
user_3,1282,4.857798512876785,2,1282
user_3,76,6.656519532125835,2,76
user_3,1285,2.9364005946165,2,1285
user_3,1038,6.647211088894655,2,1038
user_3,1167,9.312983537946874,2,1167
user_3,1402,9.977663180554075,2,1402
user_3,1789,1.2920596911160813,2,1789
user_3,159,3.1202940542020974,2,159
user_3,2262,3.792764042125277,2,2262
user_3,2214,4.592134904004695,2,2214
user_3,392,3.1803144182629066,2,392
user_3,408,2.831391950997813,2,408
user_3,352,9.5909845817575,2,352
user_3,683,9.266694424934661,2,683
user_3,2021,1.4229325090280573,2,2021
user_3,639,4.049317194443633,2,639
user_3,1892,4.64633698310566,2,1892
user_3,1000,3.1511308119934904,2,1000
user_3,101,6.65985607289358,2,101
user_3,585,6.7634267197981695,2,585
user_3,1768,8.654538054957374,2,1768
user_3,1168,7.667823415466961,2,1168
user_3,251,5.8831599426936005,2,251
user_3,1572,6.882280930399779,2,1572
user_3,276,3.4658990338871627,2,276
user_3,1891,6.337505709706219,2,1891
user_3,321,5.403045292749273,2,321
user_3,1355,2.200100205847334,2,1355
user_3,682,3.1828984892467367,2,682
user_3,2065,3.625241056494274,2,2065
user_3,1250,9.318786103473021,2,1250
user_4,1693,8.729574250728342,3,1693
user_4,305,6.659858299719747,3,305
user_4,4,7.865631121118311,3,4
user_4,1910,7.887434717052613,3,1910
user_4,1408,4.206353039136632,3,1408
user_4,1918,3.4667487607689615,3,1918
user_4,1335,8.210476604576428,3,1335
user_4,1837,4.394609126058191,3,1837
user_4,1578,9.130024058704347,3,1578
user_4,390,1.6272162705710767,3,390
user_4,1920,1.5239576086780569,3,1920
user_4,134,9.343037440912674,3,134
user_4,2320,6.8360942276329135,3,2320
user_4,665,4.4163942080349905,3,665
user_5,1981,8.409417878032949,4,1981
user_5,882,8.91457293975296,4,882
user_5,2147,5.389469814838325,4,2147
user_5,468,6.6757257147668545,4,468
user_5,2065,1.7156774196684887,4,2065
user_5,1477,5.392344018535749,4,1477
user_5,2099,2.393341793845617,4,2099
user_5,320,4.326788058602693,4,320
user_5,553,3.9637478157813937,4,553
user_5,1987,4.811865195173573,4,1987
user_5,2164,6.144729561767193,4,2164
user_5,903,9.125889823566963,4,903
user_5,2223,4.550361682127548,4,2223
user_5,624,9.830180761403957,4,624
user_5,1935,7.8312524324608255,4,1935
user_5,772,5.603329421095449,4,772
user_5,431,6.796237934007497,4,431
user_6,1656,1.8879163905952816,5,1656
user_6,1915,6.571837857440077,5,1915
user_6,755,2.293224465355605,5,755
user_6,53,5.70135937570121,5,53
user_6,1102,1.0649795230334598,5,1102
user_6,1009,3.8493671357138206,5,1009
user_6,202,7.094716513053899,5,202
user_6,2329,5.356350462050636,5,2329
user_6,261,9.804425373990894,5,261
user_6,1932,8.866934164595897,5,1932
user_7,1350,5.868752553230202,6,1350
user_7,623,9.031046231987276,6,623
user_7,1772,7.119869591153922,6,1772
user_7,632,7.479903079294519,6,632
user_7,40,1.7647285368902437,6,40
user_7,733,1.9586047332862129,6,733
user_7,1866,2.1461389873829675,6,1866
user_7,1015,9.139391502948934,6,1015
user_7,537,5.73264672637432,6,537
user_7,1646,8.12417586753692,6,1646
user_7,1724,2.037621338952402,6,1724
user_7,346,9.348784349577354,6,346
user_7,2271,8.39027882347489,6,2271
user_7,873,3.022877302978205,6,873
user_7,1144,8.86764009964558,6,1144
user_7,169,3.3709848345712836,6,169
user_7,1963,2.8480589140515087,6,1963
user_7,205,3.378195431309911,6,205
user_7,1680,9.189595569453484,6,1680
user_7,1789,9.240327869633825,6,1789
user_7,27,3.9609619721917193,6,27
user_7,1697,7.348907665850962,6,1697
user_7,1305,7.081707296477649,6,1305
user_7,264,8.25906368917363,6,264
user_7,114,3.6685855012791797,6,114
user_7,1480,5.591246877193617,6,1480
user_7,56,7.009065559074582,6,56
user_7,1593,1.2363113692891545,6,1593
user_7,129,4.390648707978592,6,129
user_7,1124,7.26299521910712,6,1124
user_7,544,3.2733558380722005,6,544
user_7,1232,9.619336963058386,6,1232
user_7,1204,1.2714523435615506,6,1204
user_7,2316,9.622784688286806,6,2316
user_7,808,2.9508748120936,6,808
user_7,279,1.4393983773283299,6,279
user_7,2142,3.6322662990120174,6,2142
user_8,210,5.494641052422201,7,210
user_8,461,5.27255006743435,7,461
user_8,1074,1.9901911869232898,7,1074
user_8,1880,6.038569860255926,7,1880
user_8,923,3.222248455979114,7,923
user_8,1469,9.794307995203653,7,1469
user_8,778,8.169228460136326,7,778
user_8,784,4.716928541735989,7,784
user_8,1727,2.3620713282237973,7,1727
user_8,1327,8.067985220249057,7,1327
user_8,1924,2.098483903731844,7,1924
user_8,280,2.7040037814736344,7,280
user_8,536,2.9036846596980466,7,536
user_8,2019,6.012015744457849,7,2019
user_8,1912,8.083509885913298,7,1912
user_8,859,3.82883390852223,7,859
user_8,534,1.7620283284776046,7,534
user_8,600,5.1808461717197725,7,600
user_8,1814,7.732992170439419,7,1814
user_8,42,2.9949745877864946,7,42
user_8,150,2.979320932354368,7,150
user_9,525,4.6053042158783,8,525
user_9,1446,5.3453574491537,8,1446
user_9,1871,4.201186509049369,8,1871
user_9,698,3.899013363722243,8,698
user_9,1032,7.177779045978777,8,1032
user_9,840,2.942797578935397,8,840
user_9,830,7.384516707260159,8,830
user_9,903,9.415397767516575,8,903
user_9,775,6.08677769059976,8,775
user_9,1819,6.502908130655267,8,1819
user_9,354,1.6203943191168018,8,354
user_9,923,8.780292132560454,8,923
user_9,1991,3.56903008479879,8,1991
user_9,942,6.535460489757083,8,942
user_9,996,9.812009527703221,8,996
user_9,1653,6.3595234051552705,8,1653
user_9,1867,7.522385387179398,8,1867
user_9,317,5.007876564013767,8,317
user_9,1791,1.5432925916355162,8,1791
user_9,259,8.178394145408095,8,259
user_9,964,1.314989571375871,8,964
user_9,364,7.305920459990687,8,364
user_9,894,1.2062941583467324,8,894
user_9,2309,8.760747129190035,8,2309
user_9,447,2.4187243224968253,8,447
user_9,493,5.62844345898296,8,493
user_9,1305,6.374356340348326,8,1305
user_9,2239,5.117908666360709,8,2239
user_9,1542,4.0668714041399845,8,1542
user_9,385,5.2103286656287455,8,385
user_9,1468,3.8027417849304284,8,1468
user_9,803,4.943101123727768,8,803
user_9,2238,4.230216918982276,8,2238
user_9,171,6.095843411564307,8,171
user_9,496,3.141317460204851,8,496
user_9,794,9.897908994226112,8,794
user_9,1040,5.50782958043949,8,1040
user_9,146,2.747458696730587,8,146
user_9,1820,5.293600746105453,8,1820
user_9,1792,8.797736165723418,8,1792
user_9,1190,1.1962611381195605,8,1190
user_9,1019,7.115987071965599,8,1019
user_9,104,5.931710171145353,8,104
user_9,2228,2.52602194933122,8,2228
user_9,1165,8.357287953744287,8,1165
user_10,1297,3.7384718515539026,9,1297
user_10,66,1.2705248098179864,9,66
user_10,854,1.3264591122099159,9,854
user_10,703,9.575135443746216,9,703
user_10,1619,6.139833480876286,9,1619
user_10,212,3.759834892857561,9,212
user_10,1411,4.408071946359261,9,1411
user_10,1104,7.433586359605218,9,1104
user_10,2023,4.298654831991583,9,2023
user_10,91,3.0498436278395946,9,91
user_10,516,1.9165360743981945,9,516
user_10,894,7.560397105462334,9,894
user_10,237,2.6250851500770227,9,237
user_10,1081,1.6268344293366783,9,1081
user_10,1508,4.842590009468292,9,1508
user_10,925,1.356138656302184,9,925
user_10,2232,9.684982525085982,9,2232
user_10,1776,6.645636708173558,9,1776
user_10,1811,2.374271294019047,9,1811
user_10,1808,2.5520867780361476,9,1808
user_10,2032,6.128456322455609,9,2032
user_10,680,4.209091816040143,9,680
user_10,1559,7.9684006976894235,9,1559
user_10,1245,5.91225837057025,9,1245
user_10,1675,4.900004879724472,9,1675
user_10,253,9.666822232587444,9,253
user_10,830,4.516561505887201,9,830
user_10,285,4.605498314176092,9,285
user_10,1400,6.991951789547102,9,1400
user_10,223,8.285307257099515,9,223
user_10,1,6.635934917726908,9,1
user_10,646,7.287491998489856,9,646
user_11,847,2.4550961177417134,10,847
user_11,1375,6.500470265124678,10,1375
user_11,1100,6.996351723952338,10,1100
user_11,2067,7.026374949193857,10,2067
user_11,1202,2.982586242598325,10,1202
user_11,158,6.3580456650011685,10,158
user_11,739,9.148658183725846,10,739
user_11,54,4.178688406866888,10,54
user_11,456,2.896902393776597,10,456
user_11,1928,7.949345644186858,10,1928
user_11,1680,2.5919464614350627,10,1680
user_11,1048,3.2837384835540275,10,1048
user_11,1840,1.9057995488076624,10,1840
user_11,2099,3.4108688446720237,10,2099
user_11,508,4.693015595934805,10,508
user_11,121,1.57742075748692,10,121
user_11,2163,8.845380198075706,10,2163
user_11,1925,5.623073129950171,10,1925
user_11,1310,6.292932686996774,10,1310
user_11,2025,4.34157180790109,10,2025
user_11,1470,7.0285170659852065,10,1470
user_11,1508,4.886035622659277,10,1508
user_11,1553,7.8518239708532045,10,1553
user_11,419,8.392619291638665,10,419
user_11,662,7.046642006978705,10,662
user_11,1530,5.422020572568075,10,1530
user_11,1998,8.040424155420048,10,1998
user_11,1806,5.448567802643642,10,1806
user_11,778,2.003589139326119,10,778
user_11,465,2.0470620091969556,10,465
user_11,631,9.53724825669701,10,631
user_11,137,2.922067076120885,10,137
user_11,1668,8.343324919197787,10,1668
user_11,31,3.2203486654752567,10,31
user_11,1609,4.877020844711348,10,1609
user_11,2110,6.894533008883297,10,2110
user_11,454,2.429804556063137,10,454
user_11,1914,7.635218395274897,10,1914
user_11,1227,7.209216753008844,10,1227
user_11,1845,5.8877460019520464,10,1845
user_11,225,6.093007804381892,10,225
user_11,1220,1.9519461416943136,10,1220
user_11,345,4.9235423539161,10,345
user_11,1591,1.7791425582186213,10,1591
user_11,19,3.7707696193015954,10,19
user_11,1578,9.102809269815701,10,1578
user_11,851,6.170800604993128,10,851
user_12,925,1.838903236973826,11,925
user_12,1560,4.007654581379226,11,1560
user_12,2202,4.158579922546417,11,2202
user_12,738,1.4644228879808214,11,738
user_12,1754,2.0718489716807946,11,1754
user_12,769,2.738486900095939,11,769
user_12,180,8.540340317291015,11,180
user_12,2012,1.5706179094582575,11,2012
user_12,254,3.688308112099485,11,254
user_12,279,1.0915750233034076,11,279
user_12,181,7.260649708627223,11,181
user_12,874,6.582727810390418,11,874
user_12,555,6.804840358478276,11,555
user_12,1356,4.369445062431568,11,1356
user_12,1972,2.874410391408121,11,1972
user_12,422,7.4828819195743,11,422
user_12,859,8.300060854666256,11,859
user_12,2288,2.247413482883816,11,2288
user_13,841,8.906004216559715,12,841
user_13,294,4.3925492004975055,12,294
user_13,1257,4.550703350826359,12,1257
user_13,183,5.139180297596447,12,183
user_13,1654,6.905580678697753,12,1654
user_13,687,3.347520543847142,12,687
user_13,1780,1.2065358649595022,12,1780
user_13,984,2.27106572137518,12,984
user_13,1410,4.9610431681909635,12,1410
user_13,1008,3.5380231248358163,12,1008
user_13,675,7.880649049325187,12,675
user_13,1731,1.9602106349434423,12,1731
user_13,1645,9.257187029993235,12,1645
user_13,390,9.0579446194952,12,390
user_13,1888,9.178811352399594,12,1888
user_13,2236,7.65648998742994,12,2236
user_13,22,1.9629997433523938,12,22
user_13,2012,4.943238142326101,12,2012
user_14,670,4.778429005537317,13,670
user_14,828,3.901031061015349,13,828
user_14,1439,7.484214853987032,13,1439
user_14,1838,7.294328925413289,13,1838
user_14,1977,3.929238019954351,13,1977
user_14,439,4.932826985312158,13,439
user_14,265,2.8711736576179567,13,265
user_14,1645,7.037514104466435,13,1645
user_14,1378,4.56600466119318,13,1378
user_14,215,2.195434939979938,13,215
user_14,1853,2.145389427203601,13,1853
user_14,392,3.9008861057905797,13,392
user_14,799,7.725925257725762,13,799
user_14,1007,1.2295390251835034,13,1007
user_14,1517,3.3199722386459394,13,1517
user_14,2295,2.4623754299988154,13,2295
user_14,135,9.608300391750534,13,135
user_14,2072,7.347534435739237,13,2072
user_14,992,3.0990941570705153,13,992
user_14,504,2.8671452689257517,13,504
user_14,1946,8.72227490848549,13,1946
user_14,337,2.712040267747718,13,337
user_14,1022,9.973532801775043,13,1022
user_14,175,3.540728080102597,13,175
user_14,2224,1.7589944338258148,13,2224
user_14,1677,7.218477046151723,13,1677
user_14,1141,6.4867851332575635,13,1141
user_15,1805,1.0200929782969788,14,1805
user_15,273,3.1354865054537737,14,273
user_15,1616,1.4190363894177613,14,1616
user_15,1024,1.9953681100206402,14,1024
user_15,568,5.791412237657549,14,568
user_15,523,1.3353057094693097,14,523
user_15,842,2.632429429303416,14,842
user_15,573,3.0946613265174494,14,573
user_15,563,6.8980492462349945,14,563
user_15,884,5.219384720034086,14,884
user_15,350,5.125712707499125,14,350
user_15,1844,7.91589298831862,14,1844
user_15,872,5.110492708669017,14,872
user_15,565,4.136398686262417,14,565
user_15,2221,9.662059410438996,14,2221
user_15,886,1.074639784940713,14,886
user_15,1774,3.7485370006784544,14,1774
user_15,1595,6.4845344474175075,14,1595
user_15,995,8.045283124475247,14,995
user_15,513,8.347716592827078,14,513
user_15,1126,1.4146581866965522,14,1126
user_15,2115,7.382188500018291,14,2115
user_15,189,7.4822827912463525,14,189
user_15,1638,2.926714793106413,14,1638
user_15,954,2.0149752562308283,14,954
user_15,2159,7.747175419257719,14,2159
user_15,1594,3.2455000561355027,14,1594
user_15,1519,1.015064236753095,14,1519
user_15,491,3.0121534321917496,14,491
user_15,1608,1.2796120793468129,14,1608
user_15,518,3.242680180247157,14,518
user_15,1161,4.0151762409863885,14,1161
user_15,1647,3.4426014358415635,14,1647
user_15,1538,9.279433604613201,14,1538
user_15,514,3.092796526467562,14,514
user_15,878,5.207813405002912,14,878
user_15,22,9.616848344596423,14,22
user_15,2281,8.912795422332,14,2281
user_15,1866,3.783326270794852,14,1866
user_15,970,3.9384126546172187,14,970
user_15,176,6.339964622585048,14,176
user_15,883,9.260765656788069,14,883
user_15,950,1.0899981591022299,14,950
user_15,1308,4.538078129666631,14,1308
user_15,1716,8.647979377260015,14,1716
user_16,124,7.968621613430441,15,124
user_16,969,6.802846437043791,15,969
user_16,2307,8.83412574962591,15,2307
user_16,1463,7.383425897549804,15,1463
user_16,1986,5.674375946897227,15,1986
user_16,1759,9.81745750347208,15,1759
user_16,1462,7.253704718103876,15,1462
user_16,53,6.412304591317028,15,53
user_16,978,4.679835048582082,15,978
user_16,1586,9.121712487211454,15,1586
user_16,126,3.6613818604449353,15,126
user_16,1469,1.082976347898124,15,1469
user_16,1329,2.7706647018912394,15,1329
user_16,2026,1.9856574274812324,15,2026
user_16,1882,3.8709439675576487,15,1882
user_16,1383,8.432908097126095,15,1383
user_16,1910,6.863767168285067,15,1910
user_16,49,2.5208253031034125,15,49
user_16,492,8.099395489831046,15,492
user_16,48,5.537978794894625,15,48
user_16,439,5.614431617064673,15,439
user_16,1793,4.25900962882786,15,1793
user_16,2075,8.781547283398211,15,2075
user_16,1177,3.864945734702134,15,1177
user_16,1087,1.847257846027198,15,1087
user_16,795,3.7245609457475055,15,795
user_16,728,7.438181916410971,15,728
user_16,590,6.91823698122996,15,590
user_16,1210,2.6921543819822005,15,1210
user_16,1676,2.006058691944478,15,1676
user_16,378,6.947791825615717,15,378
user_16,155,7.08739152089421,15,155
user_16,768,4.295346734895136,15,768
user_16,1780,8.585212451761718,15,1780
user_16,1730,9.803846834199252,15,1730
user_16,1573,2.8508070110445587,15,1573
user_16,327,6.193618441354255,15,327
user_16,193,1.0481169610354524,15,193
user_16,302,7.417489564236586,15,302
user_16,142,4.72853902206986,15,142
user_16,608,2.7394230421284833,15,608
user_16,1871,7.769997295879386,15,1871
user_16,25,8.295839178004726,15,25
user_16,267,2.0004985105834354,15,267
user_17,802,6.77152067487441,16,802
user_17,2143,2.2998077763804865,16,2143
user_17,2014,6.701400566539379,16,2014
user_17,1881,4.643790617958395,16,1881
user_17,1168,5.182694058695185,16,1168
user_17,777,8.212873656207854,16,777
user_17,2115,3.9924943541167455,16,2115
user_17,830,2.322991424470184,16,830
user_17,2033,8.861078202097065,16,2033
user_17,1483,2.909175182797042,16,1483
user_17,1702,3.6462688349917842,16,1702
user_17,364,7.359310530123602,16,364
user_17,630,7.151952853518465,16,630
user_17,252,8.203600191554457,16,252
user_17,1468,2.6547997730314696,16,1468
user_17,826,4.17051903982783,16,826
user_17,1675,2.1329491506063496,16,1675
user_17,2329,5.869352324517438,16,2329
user_17,2225,3.633135332848311,16,2225
user_17,2086,7.2004207690770645,16,2086
user_17,122,1.0030993118608698,16,122
user_17,1913,1.5371469861362133,16,1913
user_18,173,5.573873575338003,17,173
user_18,1283,2.024046976424345,17,1283
user_18,1446,2.9920130435576047,17,1446
user_18,1916,9.988471648538583,17,1916
user_18,867,8.254258541052215,17,867
user_18,1980,4.148825371908304,17,1980
user_18,1616,5.882993475538095,17,1616
user_18,2325,4.744154430105339,17,2325
user_18,1785,1.3275060886077084,17,1785
user_18,1455,8.008093082916158,17,1455
user_18,1340,7.4528750190090465,17,1340
user_18,355,4.679220830462899,17,355
user_18,1280,8.613074231925648,17,1280
user_18,2083,5.81265185400293,17,2083
user_18,149,1.586875954706231,17,149
user_18,2068,3.334656612221932,17,2068
user_18,1495,5.155955524772614,17,1495
user_18,1254,1.9310431483971744,17,1254
user_18,1003,6.139730735766145,17,1003
user_18,1695,2.085113455150613,17,1695
user_18,1257,2.804573669358237,17,1257
user_18,302,9.045852952044056,17,302
user_18,455,9.998311492371105,17,455
user_18,1943,5.952280096420181,17,1943
user_18,2160,6.576837491185884,17,2160
user_19,743,3.967327332713243,18,743
user_19,1562,7.07309674757447,18,1562
user_19,2046,2.5525500147570677,18,2046
user_19,1238,2.0956589673429997,18,1238
user_19,295,8.052761001331268,18,295
user_19,2336,8.596973889884492,18,2336
user_19,483,7.014805258144739,18,483
user_19,1903,2.423762537900276,18,1903
user_19,2096,3.1652916907828472,18,2096
user_19,497,9.200581372856005,18,497
user_19,372,3.5983364391978068,18,372
user_19,1310,8.369744645774059,18,1310
user_19,2316,3.5734356001936143,18,2316
user_19,1651,9.45516312391091,18,1651
user_19,930,9.230076215533026,18,930
user_19,1545,1.3893685626590915,18,1545
user_19,448,7.933725881806677,18,448
user_19,1810,2.5251558421096636,18,1810
user_19,792,2.9374446331574333,18,792
user_19,2023,5.138606910983282,18,2023
user_19,2159,6.18686334774505,18,2159
user_19,2285,3.932197470734428,18,2285
user_19,1491,6.178450289987883,18,1491
user_19,73,2.5359253420702292,18,73
user_19,444,1.2010388894293338,18,444
user_19,2247,6.141019495255868,18,2247
user_19,730,5.65673733966087,18,730
user_19,517,7.206885676683324,18,517
user_19,1365,6.848398557710421,18,1365
user_19,1104,9.077377422105599,18,1104
user_19,1509,5.135217581453913,18,1509
user_19,296,1.0753252722364781,18,296
user_19,635,6.6758741343716865,18,635
user_19,1960,7.076191866428966,18,1960
user_20,548,5.094918810844612,19,548
user_20,350,1.9604119898602355,19,350
user_20,363,1.7734962405558665,19,363
user_20,59,3.5357703661981397,19,59
user_20,927,7.772721636676067,19,927
user_20,1049,3.3489968978583153,19,1049
user_20,821,8.328978210710542,19,821
user_20,2021,8.376932322693676,19,2021
user_20,1476,5.114006542285398,19,1476
user_20,1629,3.70709958613577,19,1629
user_20,588,6.3790043743813225,19,588
user_20,589,8.294771340611295,19,589
user_20,1241,1.581137182007594,19,1241
user_20,1565,9.580811889939422,19,1565
user_20,1255,6.8131024744744515,19,1255
user_20,1854,4.583329806750797,19,1854
user_20,2004,5.554173119829451,19,2004
user_20,1870,4.470332470991719,19,1870
user_20,1497,4.713499262164961,19,1497
user_20,1227,6.360549497579086,19,1227
user_20,422,1.5421644717145333,19,422
user_20,1664,2.5783941248646594,19,1664
user_20,228,3.043356128231731,19,228
user_20,208,4.667628468505088,19,208
user_20,1687,4.339517766195794,19,1687
user_20,1046,7.499841037016167,19,1046
user_20,1808,3.3326143183659065,19,1808
user_20,1162,1.513649202463481,19,1162
user_20,856,1.4989802153700793,19,856
user_20,1587,1.1018177719598161,19,1587
user_20,1879,1.3422340588540387,19,1879
user_20,2204,8.72794607272979,19,2204
user_20,1689,7.27518626001772,19,1689
user_20,162,9.96338049308238,19,162
user_20,797,1.1828145530953593,19,797
user_20,501,8.641013959677874,19,501
user_20,166,7.264506963396191,19,166
user_20,2182,6.763081883288437,19,2182
user_21,2152,2.9691928997756563,20,2152
user_21,1096,4.810410271364969,20,1096
user_21,1846,6.5926975675096635,20,1846
user_21,1468,8.47519126618834,20,1468
user_21,1155,5.946908684311564,20,1155
user_21,1589,2.5941385377793464,20,1589
user_21,1,9.565655724774937,20,1
user_21,2184,1.8101363459220026,20,2184
user_21,147,4.304073619117229,20,147
user_21,1517,9.291915466335366,20,1517
user_21,1959,6.421001174328982,20,1959
user_21,1469,6.963870351023678,20,1469
user_21,1091,3.71523380057383,20,1091
user_21,140,1.7068469981517225,20,140
user_22,1524,2.2985734137047347,21,1524
user_22,128,9.884396263845419,21,128
user_22,2305,7.935766597015799,21,2305
user_22,998,7.482137641153178,21,998
user_22,1424,2.949540243464267,21,1424
user_22,136,9.146409405546088,21,136
user_22,2069,5.265286997389889,21,2069
user_22,1601,3.6789035757983766,21,1601
user_22,753,6.8935022929456125,21,753
user_22,699,2.9057676488776543,21,699
user_22,731,9.168090676643033,21,731
user_22,2207,8.68909285960271,21,2207
user_22,713,5.184202324862411,21,713
user_22,1196,2.71591679469385,21,1196
user_22,643,5.46853711208195,21,643
user_22,1226,2.342243958017243,21,1226
user_22,715,3.4286399621953887,21,715
user_22,800,5.344591515318192,21,800
user_22,625,1.1902576694392542,21,625
user_22,1538,7.891503431921812,21,1538
user_22,1558,2.772233894670979,21,1558
user_22,1136,8.799501315570133,21,1136
user_22,149,1.200338446778749,21,149
user_22,1565,5.789185216316027,21,1565
user_22,1850,7.9898585944955,21,1850
user_22,1870,3.141535899814069,21,1870
user_22,144,7.367977541901969,21,144
user_22,347,7.4878104218807096,21,347
user_22,515,6.740592993227313,21,515
user_22,1588,4.278274582573041,21,1588
user_22,225,8.065583183343008,21,225
user_23,1981,6.678901421926337,22,1981
user_23,1515,6.442731652978066,22,1515
user_23,2206,6.205700359493029,22,2206
user_23,1111,5.2690874578008,22,1111
user_23,2182,8.6718729941975,22,2182
user_23,1530,6.933995832614358,22,1530
user_23,2024,8.036760533494542,22,2024
user_23,353,2.0396962538127084,22,353
user_23,1746,1.4490877371169815,22,1746
user_23,959,1.2567565803680079,22,959
user_23,925,2.324853869262335,22,925
user_23,1828,7.003071012289742,22,1828
user_23,2198,5.446195801670537,22,2198
user_23,1095,7.770270305458638,22,1095
user_24,674,4.473261798364205,23,674
user_24,71,7.218089985048678,23,71
user_24,144,8.093376807531282,23,144
user_24,1095,8.588403118535807,23,1095
user_24,1946,8.391523484105115,23,1946
user_24,981,8.526221766999821,23,981
user_24,464,7.008880848200928,23,464
user_24,1245,4.6344796234521395,23,1245
user_24,1995,7.005581686574534,23,1995
user_24,13,8.530609006539219,23,13
user_24,307,4.15578218161979,23,307
user_24,688,3.668571912628361,23,688
user_24,892,4.093364953946471,23,892
user_24,1471,5.961550564264315,23,1471
user_24,1414,1.4719948733255008,23,1414
user_25,1764,2.7354040339005525,24,1764
user_25,2316,9.690934208369129,24,2316
user_25,1505,6.995749419507062,24,1505
user_25,784,8.698151927111429,24,784
user_25,2218,5.728661827573926,24,2218
user_25,1158,3.129740849767357,24,1158
user_25,1042,6.1069092798992815,24,1042
user_25,582,1.6114559849383818,24,582
user_25,139,8.669756471285881,24,139
user_25,2243,6.846211911672188,24,2243
user_25,180,3.5457139550558208,24,180
user_25,1884,3.470224181702811,24,1884
user_25,1703,9.125254175424814,24,1703
user_25,1742,8.568163893960989,24,1742
user_25,1915,7.867978051519275,24,1915
user_25,1264,4.733127124628793,24,1264
user_25,984,8.852545762727418,24,984
user_25,1431,3.222011110519251,24,1431
user_25,33,1.2182852603724599,24,33
user_25,181,4.894929626319488,24,181
user_25,2212,9.275727629557261,24,2212
user_25,945,6.1410431371418435,24,945
user_25,2184,3.0649217563002886,24,2184
user_25,950,6.857391724311031,24,950
user_25,1362,7.7048711643524594,24,1362
user_25,798,5.953040449485643,24,798
user_25,869,8.583382212774733,24,869
user_25,2204,6.331353327256038,24,2204
user_25,717,1.864185298427127,24,717
user_25,1374,8.285905755237042,24,1374
user_25,1335,2.31720579998595,24,1335
user_25,1886,8.944796473154248,24,1886
user_25,2240,5.696605155376934,24,2240
user_25,72,7.586800548608052,24,72
user_25,2024,9.748854206429737,24,2024
user_25,209,4.887488292296899,24,209
user_25,2259,5.137496595800467,24,2259
user_25,28,8.432612894734657,24,28
user_25,879,1.9921397991386773,24,879
user_25,1537,1.249290073932085,24,1537
user_25,1813,6.438848872236578,24,1813
user_25,2275,2.50767801899269,24,2275
user_26,467,8.737546113916608,25,467
user_26,1450,7.141977321639807,25,1450
user_26,130,8.925337491884509,25,130
user_26,1291,2.0576514653540476,25,1291
user_26,1272,5.28425135077663,25,1272
user_26,2299,7.085611850185862,25,2299
user_26,773,9.073816846775156,25,773
user_26,2255,4.438172925216898,25,2255
user_26,2170,3.817810654392501,25,2170
user_26,602,9.216691382672611,25,602
user_26,931,1.4277994284714624,25,931
user_26,2253,5.316359408700221,25,2253
user_26,2038,5.127639045459248,25,2038
user_26,1863,2.314507725017309,25,1863
user_26,820,4.554551000632403,25,820
user_26,1958,7.50339765985135,25,1958
user_26,902,4.3018160009882855,25,902
user_26,1414,3.7869443164880154,25,1414
user_26,2181,8.037059481157115,25,2181
user_26,159,9.898438699246617,25,159
user_26,1694,8.014171365372517,25,1694
user_26,658,8.617089593431736,25,658
user_26,1460,9.455506748312617,25,1460
user_26,1382,8.215952194684284,25,1382
user_26,1970,9.823188608350373,25,1970
user_26,1676,7.725558292813554,25,1676
user_26,1285,6.953702960505177,25,1285
user_26,664,7.240136943246623,25,664
user_26,623,9.100736440974856,25,623
user_26,1962,7.147073357756186,25,1962
user_26,1002,7.850846538529065,25,1002
user_26,2010,2.944089403273542,25,2010
user_26,1930,9.213846516413291,25,1930
user_26,1595,5.024919179612897,25,1595
user_26,1916,2.449605978215243,25,1916
user_26,1739,8.19808472284715,25,1739
user_26,1831,4.207537158696767,25,1831
user_26,77,2.657072286654591,25,77
user_26,56,3.3062604325353555,25,56
user_27,1461,1.6754923999847589,26,1461
user_27,939,2.304904136639025,26,939
user_27,2296,8.780733121400367,26,2296
user_27,330,9.044056353672671,26,330
user_27,828,5.793500727727702,26,828
user_27,708,4.057960842522237,26,708
user_27,741,5.059215385875555,26,741
user_27,178,8.826620402301904,26,178
user_27,1695,2.8989408035882613,26,1695
user_27,686,3.6538320817143677,26,686
user_27,2159,8.06898640827491,26,2159
user_27,1455,9.417425013247742,26,1455
user_27,1692,1.8363460601395385,26,1692
user_27,271,8.23395071217066,26,271
user_27,1639,6.805614762386419,26,1639
user_27,1830,3.07694390017644,26,1830
user_27,1279,7.802354769982912,26,1279
user_27,290,7.551244584993951,26,290
user_27,1518,2.278268303944703,26,1518
user_27,588,5.520259516702498,26,588
user_27,218,7.824619745655992,26,218
user_27,535,2.723897141270313,26,535
user_28,340,8.446447136685784,27,340
user_28,1544,2.4907807888075864,27,1544
user_28,1732,5.8302376278016474,27,1732
user_28,469,1.753069259258831,27,469
user_28,790,8.243131107821998,27,790
user_28,769,5.378063805625514,27,769
user_28,2072,2.4264015303113,27,2072
user_28,2014,7.468110510472573,27,2014
user_28,586,3.980528638767801,27,586
user_28,2015,2.0305594338409683,27,2015
user_28,46,5.149664424942828,27,46
user_28,882,3.117219388387433,27,882
user_28,1613,9.551996521636982,27,1613
user_28,1761,4.252254920260996,27,1761
user_28,295,6.1520761463185005,27,295
user_29,811,2.0149281439051903,28,811
user_29,1208,4.156385920035012,28,1208
user_29,1980,7.626220323218022,28,1980
user_29,2171,4.031975733968207,28,2171
user_29,1216,6.102109297800028,28,1216
user_29,563,9.651425917659465,28,563
user_29,2295,1.7192854458013986,28,2295
user_29,410,2.7126028513503107,28,410
user_29,474,5.325484614551158,28,474
user_29,968,7.645901055902701,28,968
user_29,573,3.9710020430636135,28,573
user_29,941,2.0571533476734105,28,941
user_30,1736,7.646509122759923,29,1736
user_30,301,7.614305615042878,29,301
user_30,949,2.966895044305576,29,949
user_30,469,2.012705095763464,29,469
user_30,806,3.796788221725069,29,806
user_30,923,6.178413340949138,29,923
user_30,2074,4.595710330473695,29,2074
user_30,1148,3.243212526426024,29,1148
user_30,1810,1.2005989058191773,29,1810
user_30,2185,2.0901980769060247,29,2185
user_30,1290,1.9479870754237032,29,1290
user_30,633,9.609753050263153,29,633
user_30,1284,8.009424671526194,29,1284
user_30,2290,2.1047667469455478,29,2290
user_30,960,5.204895752133009,29,960
user_31,868,6.531249462955147,30,868
user_31,1815,9.767164307110896,30,1815
user_31,735,5.554883714674066,30,735
user_31,261,1.023046700808761,30,261
user_31,582,1.2788167912125183,30,582
user_31,2145,7.132583201421724,30,2145
user_31,1202,2.9036010563258046,30,1202
user_31,1567,5.3063266219845815,30,1567
user_31,1849,5.962350306285761,30,1849
user_31,316,7.006151014910428,30,316
user_31,1151,1.7537198711460413,30,1151
user_31,879,7.840393140940476,30,879
user_31,2058,9.2815121346839,30,2058
user_31,1479,3.3017098299561862,30,1479
user_31,67,4.4240146836286875,30,67
user_31,1462,7.694363400192425,30,1462
user_31,435,3.235965964094761,30,435
user_31,2193,5.880201075156104,30,2193
user_31,1447,6.939521527099642,30,1447
user_31,1422,8.913465648253789,30,1422
user_31,365,4.10829167247369,30,365
user_31,894,5.433834079942463,30,894
user_31,989,2.661394660739583,30,989
user_31,836,3.7684942986285614,30,836
user_31,199,1.854427534378599,30,199
user_31,1889,2.7787397052104765,30,1889
user_31,268,4.115901946235449,30,268
user_31,2035,4.818446404040534,30,2035
user_31,1508,7.361897578667562,30,1508
user_31,287,5.1260402913758165,30,287
user_31,659,1.4414422803394746,30,659
user_31,2270,7.80170840770057,30,2270
user_31,541,5.79517146766675,30,541
user_31,1015,9.454676132458623,30,1015
user_31,1220,6.717160580490828,30,1220
user_31,578,5.805386236026997,30,578
user_31,880,3.649859756743446,30,880
user_31,1787,3.1281435428472695,30,1787
user_31,922,3.070304030107277,30,922
user_31,188,4.664105435529888,30,188
user_31,334,2.5423427512711134,30,334
user_31,1806,8.597888247099334,30,1806
user_31,1480,8.2467765966814,30,1480
user_31,1245,7.559628794485346,30,1245
user_31,127,1.438756919659613,30,127
user_31,2185,1.6471528345587767,30,2185
user_31,394,6.727827540037264,30,394
user_31,1024,7.74071449508027,30,1024
user_32,15,5.693212531320264,31,15
user_32,948,8.23637660456503,31,948
user_32,1274,5.560789190300396,31,1274
user_32,572,6.485025859942157,31,572
user_32,323,6.490923535605115,31,323
user_32,2069,1.282039987662937,31,2069
user_32,1063,5.007416662287194,31,1063
user_32,21,8.776441333257754,31,21
user_32,1910,5.401887687067614,31,1910
user_32,2204,4.9180187919469915,31,2204
user_32,821,5.738910168177787,31,821
user_32,412,4.426903341431473,31,412
user_32,613,5.638599707943212,31,613
user_32,381,2.218103344935682,31,381
user_32,480,9.711521068619573,31,480
user_32,1170,1.307169459856434,31,1170
user_32,530,5.3488668781526645,31,530
user_32,1472,2.8899327915210993,31,1472
user_32,1980,1.5252022533781135,31,1980
user_32,1855,6.865348406745623,31,1855
user_32,473,9.866631325573369,31,473
user_32,121,7.746444586461401,31,121
user_32,1393,3.28618600645418,31,1393
user_32,1276,5.440501562420242,31,1276
user_32,1813,1.4480340038079476,31,1813
user_32,1652,5.78503232099982,31,1652
user_32,372,1.8951687833886903,31,372
user_32,582,8.151468785984171,31,582
user_32,712,1.5103575909791274,31,712
user_32,807,1.084248693105227,31,807
user_32,1530,8.754013347233618,31,1530
user_32,820,9.482879899979597,31,820
user_32,120,1.7789862263502276,31,120
user_32,1447,3.5102499316715683,31,1447
user_32,2251,7.675275504992625,31,2251
user_32,1827,5.856881187385993,31,1827
user_32,126,9.543131316423215,31,126
user_32,2012,4.5026200994015335,31,2012
user_32,1770,1.0299060035575491,31,1770
user_33,1757,4.198658487872301,32,1757
user_33,1949,4.868372403655496,32,1949
user_33,1236,7.698246217544955,32,1236
user_33,962,2.640702399302106,32,962
user_33,1260,3.5765298495446056,32,1260
user_33,1874,7.514922631476376,32,1874
user_33,414,1.6915929328883874,32,414
user_33,754,2.8101186529034,32,754
user_33,440,7.780299061076573,32,440
user_33,432,8.879757858395969,32,432
user_33,920,7.559452457169293,32,920
user_33,987,5.744244566177677,32,987
user_33,2200,1.8915517107169846,32,2200
user_33,730,8.44503168682266,32,730
user_33,517,2.116350974540037,32,517
user_33,1471,4.465706078002789,32,1471
user_33,995,1.4544940991079978,32,995
user_33,1307,7.387075853914744,32,1307
user_33,34,5.531454679538913,32,34
user_33,1381,9.16846960073893,32,1381
user_33,1489,2.2486824603512177,32,1489
user_33,1745,8.372493553391312,32,1745
user_33,1208,5.596018821617756,32,1208
user_33,494,4.294831450214865,32,494
user_33,2062,6.792101972974278,32,2062
user_33,1797,8.113756329952931,32,1797
user_33,2116,4.962567460701198,32,2116
user_33,21,3.095251123039761,32,21
user_33,2094,9.242102345484712,32,2094
user_33,442,3.816979697295902,32,442
user_33,1569,9.984127995077573,32,1569
user_33,1541,7.905924360608733,32,1541
user_33,39,7.190372574222928,32,39
user_33,270,1.1115975504869802,32,270
user_33,822,5.036781933355821,32,822
user_33,79,5.522149681186398,32,79
user_33,1465,4.387387565681122,32,1465
user_33,334,2.349757904512667,32,334
user_33,1893,4.307053998295974,32,1893
user_33,1121,1.6747600707190795,32,1121
user_33,1240,3.618270277300377,32,1240
user_34,2226,7.757714354717854,33,2226
user_34,987,9.145996228286025,33,987
user_34,1932,6.806327295823518,33,1932
user_34,228,2.4130882872054844,33,228
user_34,2270,1.5432952421959234,33,2270
user_34,876,6.644010941721419,33,876
user_34,1815,1.5252017512412945,33,1815
user_34,1036,3.123879175263032,33,1036
user_34,542,2.856073968441054,33,542
user_34,1554,4.843933644542458,33,1554
user_34,1503,6.376422915168334,33,1503
user_34,2254,9.200480445309832,33,2254
user_34,1675,9.425728028620997,33,1675
user_34,1497,9.84136379599964,33,1497
user_34,1049,7.874410887183992,33,1049
user_34,517,9.291673188078827,33,517
user_34,2046,8.115630941653837,33,2046
user_34,635,9.195410606730013,33,635
user_34,1201,1.9375769608875235,33,1201
user_34,800,9.654174407596878,33,800
user_34,1366,3.1110678484033922,33,1366
user_34,2118,6.116229687317805,33,2118
user_34,926,5.651447487205103,33,926
user_34,933,6.080158862322182,33,933
user_34,2178,7.318265949843063,33,2178
user_34,1404,5.856377979320836,33,1404
user_34,1624,7.198731777238069,33,1624
user_34,742,5.8094967672662845,33,742
user_34,1846,1.1083883114118263,33,1846
user_34,321,6.6462986752214395,33,321
user_34,18,5.996811539734303,33,18
user_35,236,8.019434279435874,34,236
user_35,1870,7.199489047383032,34,1870
user_35,1473,7.273409567796462,34,1473
user_35,752,4.064935954781389,34,752
user_35,1851,9.692962972195323,34,1851
user_35,469,6.749117762179554,34,469
user_35,2098,6.2842287060471875,34,2098
user_35,1634,8.624950415191503,34,1634
user_35,890,4.788604439824864,34,890
user_35,1566,1.866272462224225,34,1566
user_35,1837,3.160923166082808,34,1837
user_35,1781,8.272825218832601,34,1781
user_35,27,7.586329457873602,34,27
user_35,1294,2.054699058526453,34,1294
user_35,961,1.6268745120024208,34,961
user_35,46,6.597155747311284,34,46
user_35,1326,9.447834251116966,34,1326
user_35,877,2.5742861529737473,34,877
user_35,2263,5.94119943626163,34,2263
user_35,237,8.307706990604242,34,237
user_35,2020,5.758233849723701,34,2020
user_35,1440,4.160137644928836,34,1440
user_35,1906,8.11515799367826,34,1906
user_35,1449,7.941033535510467,34,1449
user_35,352,8.474368530351274,34,352
user_35,644,9.505916929431011,34,644
user_35,712,2.35568002521322,34,712
user_35,1974,4.067027338066577,34,1974
user_35,1251,9.873885827256347,34,1251
user_35,255,6.35082629551363,34,255
user_35,2245,7.031169428521311,34,2245
user_35,1819,8.956857294507678,34,1819
user_35,1934,7.2193969233346165,34,1934
user_35,1586,7.149102750938289,34,1586
user_35,1458,1.9405269212315344,34,1458
user_35,1574,5.5615683290563,34,1574
user_35,1647,7.05874090909686,34,1647
user_35,2253,8.265625653874615,34,2253
user_35,97,4.719142870485666,34,97
user_35,269,2.111815478968011,34,269
user_35,1430,4.292430626779932,34,1430
user_36,1090,3.8475473982887474,35,1090
user_36,1449,1.4963221735328938,35,1449
user_36,955,9.546467882642947,35,955
user_36,865,6.478699407406011,35,865
user_36,1637,1.3249816187407641,35,1637
user_36,926,8.500249358977605,35,926
user_36,572,2.3727583275256574,35,572
user_36,1452,8.221926458451154,35,1452
user_36,2301,6.424765715859911,35,2301
user_36,891,2.5940369317278837,35,891
user_36,1951,7.773382474777854,35,1951
user_36,236,5.090544780432519,35,236
user_36,1068,6.7429084578050436,35,1068
user_36,1168,8.825627487834328,35,1168
user_36,440,3.342683038861164,35,440
user_36,1907,4.293742066349565,35,1907
user_36,324,9.975446066930308,35,324
user_36,1529,5.5730302314071425,35,1529
user_36,2185,6.0265240695699065,35,2185
user_36,1395,3.5689468584820925,35,1395
user_36,1935,4.744245273429475,35,1935
user_36,597,5.513965724560633,35,597
user_36,1664,3.326002537491627,35,1664
user_36,1493,3.1433096002961345,35,1493
user_36,2031,6.404201342777065,35,2031
user_36,2066,2.652862998876559,35,2066
user_36,736,5.981119613214317,35,736
user_36,783,7.355926212575505,35,783
user_36,1538,2.7843185955723047,35,1538
user_36,637,7.712902555804253,35,637
user_36,289,4.237159373316471,35,289
user_36,1104,9.932540840696845,35,1104
user_36,785,9.811691290906335,35,785
user_36,2223,8.187351701666955,35,2223
user_36,2094,4.084486988765669,35,2094
user_37,347,1.0990644633541327,36,347
user_37,2131,6.327170125260677,36,2131
user_37,1872,3.927688159889843,36,1872
user_37,1002,5.771739065269138,36,1002
user_37,699,5.7350650907694005,36,699
user_37,2100,9.707117043117151,36,2100
user_37,450,3.414312986717119,36,450
user_37,1949,6.133896284518242,36,1949
user_37,1854,4.433973367807057,36,1854
user_37,374,4.797998289765687,36,374
user_37,76,1.5000315631925067,36,76
user_37,886,7.196077114347023,36,886
user_37,735,2.7575686713963004,36,735
user_37,434,5.216400192787408,36,434
user_37,248,4.908426710935003,36,248
user_37,460,5.213270047990431,36,460
user_37,765,4.379913963660067,36,765
user_37,624,3.181468732358512,36,624
user_37,2099,5.038426476422144,36,2099
user_37,753,1.4159757246900484,36,753
user_37,890,3.1809029726226408,36,890
user_37,453,8.063635343999,36,453
user_37,1853,8.585383493599885,36,1853
user_37,2174,7.437784043436906,36,2174
user_37,1930,6.693076279330219,36,1930
user_37,342,8.301391833844956,36,342
user_37,2102,2.15047832138534,36,2102
user_37,585,5.727287242335802,36,585
user_37,2130,2.0468408483481255,36,2130
user_37,2127,8.00079467598088,36,2127
user_37,642,5.685007468643781,36,642
user_37,1715,8.290223966697766,36,1715
user_37,1744,8.191570825664762,36,1744
user_37,2236,5.195911391583893,36,2236
user_37,149,5.471868653045681,36,149
user_37,363,1.254407456769314,36,363
user_38,1760,5.770626126822629,37,1760
user_38,648,4.294519379300962,37,648
user_38,1898,8.686219639211947,37,1898
user_38,650,1.2591868777098139,37,650
user_38,1139,5.770823363892989,37,1139
user_38,832,8.529083997154576,37,832
user_38,1941,1.2484573424468495,37,1941
user_38,1774,3.5407240863836114,37,1774
user_38,151,1.463703009709493,37,151
user_38,642,6.3550339283038895,37,642
user_38,1293,3.850624669525589,37,1293
user_38,1790,9.63757034124333,37,1790
user_38,563,6.546642453421061,37,563
user_38,1079,6.056218042214582,37,1079
user_38,1460,9.255157888110071,37,1460
user_38,219,3.0121786546382467,37,219
user_38,975,6.060180335705269,37,975
user_38,461,5.885043714624925,37,461
user_38,941,1.7390281087984252,37,941
user_38,2249,9.388538077365604,37,2249
user_38,874,7.302112590357172,37,874
user_38,232,8.992952647118916,37,232
user_38,622,9.842836482114613,37,622
user_38,2301,5.316885660683169,37,2301
user_38,457,8.23293857877487,37,457
user_38,788,6.198037620268131,37,788
user_38,1062,9.794107439226568,37,1062
user_38,1060,3.225012256969187,37,1060
user_38,1997,1.1243545389132814,37,1997
user_38,1205,2.6735281414050203,37,1205
user_38,1517,2.1521690380788083,37,1517
user_39,1981,1.2541502245762859,38,1981
user_39,1774,3.0414779855404728,38,1774
user_39,2048,9.60040790226793,38,2048
user_39,2150,1.1530877422838066,38,2150
user_39,1378,3.5043194740047623,38,1378
user_39,1768,3.9319495266026667,38,1768
user_39,2229,9.315203020791921,38,2229
user_39,1045,8.660876948027639,38,1045
user_39,847,5.14079824578514,38,847
user_39,1652,3.8580117755783476,38,1652
user_39,1359,9.499849940852107,38,1359
user_39,2230,2.6947051373181092,38,2230
user_39,1891,5.291387601936739,38,1891
user_39,1489,4.765944875902344,38,1489
user_39,1276,9.41684371176764,38,1276
user_39,1963,7.802294471776564,38,1963
user_39,570,5.17038913355431,38,570
user_39,1920,6.463476066165749,38,1920
user_39,1240,9.167695310882696,38,1240
user_39,24,8.481057040027455,38,24
user_39,1264,6.539081370955205,38,1264
user_39,980,9.237866358428873,38,980
user_39,2090,4.422582686080925,38,2090
user_39,1676,7.5986240592365935,38,1676
user_39,1914,1.1450360370013768,38,1914
user_39,250,6.246763980477928,38,250
user_39,898,2.232810163674019,38,898
user_39,961,5.718706985867696,38,961
user_39,1022,3.2186018236081315,38,1022
user_39,622,4.426147378799555,38,622
user_39,1195,8.129481357961053,38,1195
user_39,757,1.5274433039849806,38,757
user_39,334,5.83661300653903,38,334
user_39,637,2.3038622793773165,38,637
user_39,1298,6.159169659549959,38,1298
user_39,1072,6.70233858106487,38,1072
user_39,2125,2.6387734384059924,38,2125
user_39,781,1.0537003684937536,38,781
user_39,1536,1.7690798125068743,38,1536
user_39,972,7.206515907878654,38,972
user_40,206,6.932302217645586,39,206
user_40,1304,1.199013253850283,39,1304
user_40,959,3.2825643367540875,39,959
user_40,768,9.609146559636867,39,768
user_40,559,3.5974385208091912,39,559
user_40,1018,7.944638360397873,39,1018
user_40,1725,4.8203557336821685,39,1725
user_40,1490,9.167749442661073,39,1490
user_40,1667,6.019021491190336,39,1667
user_40,705,6.686973971691327,39,705
user_40,1757,3.1566265075186926,39,1757
user_41,773,4.099207987974177,40,773
user_41,2278,7.398020397042736,40,2278
user_41,614,3.5856171924178355,40,614
user_41,638,4.533540268974316,40,638
user_41,492,7.583602180993878,40,492
user_41,362,2.0609581829814143,40,362
user_41,265,8.081030219521447,40,265
user_41,999,7.4131544745572935,40,999
user_41,2246,5.046656278449343,40,2246
user_41,2078,4.937728624923148,40,2078
user_41,1149,9.159979080180054,40,1149
user_41,536,7.446453994739427,40,536
user_41,226,6.581490834126122,40,226
user_41,301,8.77760362637275,40,301
user_41,824,3.9845144015992826,40,824
user_41,2056,3.5802964482772994,40,2056
user_41,1975,2.8882917079959802,40,1975
user_41,430,5.6820901220532125,40,430
user_41,1954,9.892865620511433,40,1954
user_41,1663,9.356121507090016,40,1663
user_41,400,5.097742768288494,40,400
user_42,1477,1.5147577752126375,41,1477
user_42,439,8.489704305893925,41,439
user_42,1846,2.811035691146208,41,1846
user_42,857,5.300099768132578,41,857
user_42,1251,5.381194822667199,41,1251
user_42,1780,7.994111797370112,41,1780
user_42,1410,2.736919633602263,41,1410
user_42,545,3.6977476504515927,41,545
user_42,1492,6.967971645694691,41,1492
user_42,1342,4.714945671808346,41,1342
user_42,2140,3.6897726075061925,41,2140
user_42,1416,6.592809002259142,41,1416
user_42,2131,1.7791497123079094,41,2131
user_42,271,8.108007147270484,41,271
user_42,560,5.722742955108651,41,560
user_42,390,2.8541845837785105,41,390
user_42,786,4.676643255705197,41,786
user_42,2002,2.179691211503457,41,2002
user_42,2269,6.549230016364162,41,2269
user_42,1096,7.023705681865399,41,1096
user_42,638,4.647573352906055,41,638
user_42,1006,4.057214394228742,41,1006
user_42,1497,8.648062742270398,41,1497
user_42,2153,6.184623193399977,41,2153
user_42,1702,7.003191448406352,41,1702
user_42,1347,2.147672020617536,41,1347
user_42,372,7.419927648354209,41,372
user_42,287,5.001496970707878,41,287
user_42,750,4.300015805083307,41,750
user_42,1196,9.364637796839213,41,1196
user_42,174,1.4854058847637368,41,174
user_42,861,2.7604576440950632,41,861
user_43,183,5.731926473219186,42,183
user_43,940,8.912605483803823,42,940
user_43,609,1.9829274691646293,42,609
user_43,950,5.5884028821234235,42,950
user_43,879,4.93301719909889,42,879
user_43,37,5.1975288309149015,42,37
user_43,1616,9.1878020216986,42,1616
user_43,804,5.899109467965082,42,804
user_43,210,7.254325523627562,42,210
user_43,1330,9.214014217715158,42,1330
user_43,79,3.721661726905845,42,79
user_43,110,4.228299440546963,42,110
user_43,82,3.039181935034953,42,82
user_43,1656,6.866691363969833,42,1656
user_43,2244,3.284095370491679,42,2244
user_43,323,3.1120959112788604,42,323
user_43,1869,9.880716967108317,42,1869
user_43,1578,7.2761065234918325,42,1578
user_43,653,8.329384463207687,42,653
user_43,922,9.719273388335465,42,922
user_43,2106,9.739517423664648,42,2106
user_43,789,3.9979354174620445,42,789
user_43,1479,5.668812770751083,42,1479
user_43,151,9.310618536824206,42,151
user_43,1011,1.2306913532860686,42,1011
user_43,2040,9.245674399832676,42,2040
user_44,672,8.329944023910178,43,672
user_44,724,9.929834527735034,43,724
user_44,1040,1.392941243787742,43,1040
user_44,1901,1.2887781459377616,43,1901
user_44,1342,7.15194251243991,43,1342
user_44,290,1.2304649394508693,43,290
user_44,132,9.016542036963388,43,132
user_44,1810,5.24955706292877,43,1810
user_44,562,9.319668998676333,43,562
user_44,412,3.248681237699931,43,412
user_44,1930,6.7816741234157885,43,1930
user_44,433,7.29148842805305,43,433
user_44,2317,3.585355774217601,43,2317
user_44,833,4.305314901644301,43,833
user_44,1155,5.963060388747997,43,1155
user_44,252,4.452783265651664,43,252
user_44,1703,5.423693061690374,43,1703
user_44,520,5.104049223607992,43,520
user_44,495,6.993925180817037,43,495
user_44,1463,1.7319478253240468,43,1463
user_44,902,9.609615224209579,43,902
user_44,1489,1.9256236087076744,43,1489
user_44,1741,4.042957413433802,43,1741
user_44,1759,1.0783242572304197,43,1759
user_44,1921,8.34417402345289,43,1921
user_44,2256,2.01261278153792,43,2256
user_44,260,3.5064311342758234,43,260
user_44,37,5.065858091574288,43,37
user_44,1771,8.595779092422422,43,1771
user_44,1667,7.905226013378245,43,1667
user_44,1796,2.349341443844116,43,1796
user_44,1551,5.020001374041973,43,1551
user_44,810,3.9946142358012167,43,810
user_44,1137,9.536419428418931,43,1137
user_45,505,9.247132401798918,44,505
user_45,741,2.400764196136511,44,741
user_45,1035,9.685064189317352,44,1035
user_45,152,1.104615381980681,44,152
user_45,2316,5.391611709260669,44,2316
user_45,1702,1.3259789516540401,44,1702
user_45,2261,8.894432095813464,44,2261
user_45,2044,8.18871653255964,44,2044
user_45,163,3.025391852991163,44,163
user_45,319,2.24202833800963,44,319
user_45,861,2.908186221225369,44,861
user_45,2161,1.7049525050677863,44,2161
user_45,73,3.132468379927925,44,73
user_45,1479,1.6129771960865464,44,1479
user_45,1978,8.67266319379101,44,1978
user_45,651,8.677503562116929,44,651
user_45,2012,5.940874167892104,44,2012
user_46,1418,2.404303120296871,45,1418
user_46,1600,6.109941635433078,45,1600
user_46,1116,9.983123666184175,45,1116
user_46,976,8.731309661860099,45,976
user_46,897,5.6342937731092615,45,897
user_46,1271,4.811093954977426,45,1271
user_46,1339,2.330432956124106,45,1339
user_46,538,4.767321107261234,45,538
user_46,207,6.353723648376658,45,207
user_46,2017,6.359270573036169,45,2017
user_46,340,6.017918347976908,45,340
user_46,1743,8.416169528865648,45,1743
user_46,1009,5.59075486256937,45,1009
user_46,631,5.255646186811658,45,631
user_46,1515,3.751965147999071,45,1515
user_46,484,2.6221755922313275,45,484
user_46,2042,1.0126355187661709,45,2042
user_46,1891,3.898884657021283,45,1891
user_46,505,6.697726888795373,45,505
user_46,349,6.030077586335681,45,349
user_46,1966,5.7746490669865675,45,1966
user_46,60,7.951390943457562,45,60
user_46,1595,3.0956210327237312,45,1595
user_47,428,6.6702588832530445,46,428
user_47,1777,9.353189723288697,46,1777
user_47,264,9.44350363199897,46,264
user_47,1986,2.522470101643996,46,1986
user_47,340,5.618488495038059,46,340
user_47,2225,2.75914598546142,46,2225
user_47,693,5.078248538064703,46,693
user_47,1331,5.050848452786688,46,1331
user_47,1890,7.621749259358252,46,1890
user_47,1344,9.78510480665949,46,1344
user_48,131,8.242640075070677,47,131
user_48,1581,1.5655856025207875,47,1581
user_48,2025,8.320527764326298,47,2025
user_48,400,9.73558964366061,47,400
user_48,443,4.866156422263748,47,443
user_48,1113,2.722621211668474,47,1113
user_48,1535,1.9792827451415178,47,1535
user_48,799,4.1208000774490765,47,799
user_48,1944,2.1758888741408167,47,1944
user_48,2076,3.067404550889938,47,2076
user_48,1086,6.889924999941565,47,1086
user_48,1018,4.742003722352653,47,1018
user_48,1296,9.109183563239968,47,1296
user_48,291,5.1751274837736725,47,291
user_48,1569,2.3869009675160955,47,1569
user_48,1416,2.2477734474100055,47,1416
user_48,1846,7.238066479212745,47,1846
user_48,461,6.705154762112963,47,461
user_48,2068,7.3708367610505645,47,2068
user_48,1317,4.04881711651593,47,1317
user_48,558,9.23527937760532,47,558
user_48,1430,2.023857678805951,47,1430
user_48,1221,1.295636870545056,47,1221
user_48,1491,7.679318957669029,47,1491
user_48,306,7.093673444672753,47,306
user_48,1050,5.4420446716963875,47,1050
user_48,669,1.3932372672504916,47,669
user_48,1809,2.0278038565389087,47,1809
user_48,829,2.757684971658313,47,829
user_48,308,6.748508935556811,47,308
user_48,17,6.967426332450229,47,17
user_48,0,7.092229058884777,47,0
user_48,1131,8.227440912915448,47,1131
user_48,1822,1.2231643971907218,47,1822
user_48,1041,6.789357706889124,47,1041
user_48,2274,3.264067611428363,47,2274
user_48,656,6.139338549985749,47,656
user_48,560,7.640881288123017,47,560
user_48,2226,7.480423217651202,47,2226
user_48,1365,3.591108626272472,47,1365
user_48,1654,4.197771310737629,47,1654
user_48,1054,9.255729752968966,47,1054
user_48,1599,8.639984060973367,47,1599
user_48,82,3.313059712290777,47,82
user_49,298,1.0762881486830105,48,298
user_49,541,9.02545725991257,48,541
user_49,1527,9.198541762280186,48,1527
user_49,2318,3.610594553597034,48,2318
user_49,1491,8.78429995332355,48,1491
user_49,1859,1.6742769347953637,48,1859
user_49,171,4.70427792436654,48,171
user_49,190,5.28798826936136,48,190
user_49,1992,4.676915705377849,48,1992
user_49,510,4.135396577231905,48,510
user_49,310,6.50188008500319,48,310
user_49,1107,7.086519192516668,48,1107
user_49,140,9.626242500534318,48,140
user_49,97,2.139902995196147,48,97
user_49,1463,9.103533184592768,48,1463
user_50,2248,1.4453136078891862,49,2248
user_50,1345,9.378690427867996,49,1345
user_50,2282,8.829396928306084,49,2282
user_50,24,2.034114938900213,49,24
user_50,1956,2.322068807453001,49,1956
user_50,323,9.581027391306131,49,323
user_50,225,8.321974207429106,49,225
user_50,648,9.478220996320522,49,648
user_50,1860,4.010512785680214,49,1860
user_50,1061,1.9986150653849988,49,1061
user_50,1613,6.538481811819876,49,1613
user_50,1195,9.700346688289233,49,1195
user_50,1436,2.1696723707927887,49,1436
user_50,1560,8.370052856005184,49,1560
user_50,2012,4.23651598427319,49,2012
user_50,2266,2.039575045810053,49,2266
user_50,1497,5.131334950922783,49,1497
user_50,348,5.398600464143674,49,348
user_50,297,1.081750855090747,49,297
user_50,1526,5.270050036988978,49,1526
user_50,1757,6.827302710648558,49,1757
user_50,2003,7.881954809193953,49,2003
user_50,197,1.887017180356415,49,197
user_50,1414,8.888840276755078,49,1414
user_50,2215,2.509712998754938,49,2215
user_50,674,6.924583095926648,49,674
user_50,961,5.9736925053410355,49,961
user_50,1191,8.920077376575106,49,1191
user_50,1656,1.3478071004857566,49,1656
user_50,1214,2.7240636346280183,49,1214
user_50,785,2.097691846436098,49,785
user_50,2049,3.9479606495936492,49,2049
user_50,880,4.049636245806798,49,880
user_50,1270,1.797512172885789,49,1270
user_50,483,5.6289246046755315,49,483
user_50,1848,2.0461882987312796,49,1848
user_50,251,1.6691526745207141,49,251
user_50,2252,1.2985491876810673,49,2252
user_50,1330,9.362277064247657,49,1330
user_50,1352,4.570649011791371,49,1352
user_50,1251,3.5531769574350727,49,1251
user_50,123,5.340466352897998,49,123
user_50,2288,2.4192188242903416,49,2288
user_50,2104,4.655418619354154,49,2104
user_50,33,2.7149107627559363,49,33
user_50,332,3.739534840014013,49,332
user_50,974,9.31794236168063,49,974
user_50,1846,2.3382913437755612,49,1846
user_50,704,5.264603933479224,49,704
